Submethod,PSNR,SSIM,LPIPS,Size [Bytes],#Gaussians
,29.642436981201172,0.9031961858272552,0.27010108530521393,6793344.0,360000
,29.868386268615723,0.9065537750720978,0.2643580883741379,8671012.0,490000
-1.00M,29.534425735473633,0.9069415032863617,0.2537623792886734,15839839.0,1000000
,29.610159873962402,0.9111461937427521,0.2394031211733818,57270424.5,4000000
