Submethod,PSNR,SSIM,LPIPS,Size [Bytes],#Gaussians
,29.417935371398926,0.8983585238456726,0.2698713690042496,6877574.0,360000
,29.31465244293213,0.8991637229919434,0.2642294019460678,8770896.0,490000
-1.00M,29.8878116607666,0.9035206139087677,0.25052621215581894,16123593.0,1000000
,29.644909858703613,0.903471440076828,0.23753593116998672,58272202.5,4000000
