Submethod,PSNR,SSIM,LPIPS,Size [Bytes],#Gaussians
,26.694747077094185,0.786249836285909,0.27215222186512417,6912028.777777778,360000
,26.92844581604004,0.7948330309655931,0.25781087908479905,8767350.777777778,490000
-1.00M,27.329831653171116,0.8091025948524475,0.23095709085464478,16028623.0,1000000
,27.795140160454643,0.8232156700558133,0.198530751797888,57659358.222222224,4000000
