Submethod,PSNR,SSIM,LPIPS,Size [Bytes],#Gaussians
,26.332908206515842,0.770623869366116,0.28591954542530906,6863895.666666667,360000
,26.436987982855904,0.7794780664973788,0.2721194707685047,8737225.333333334,490000
-1.00M,26.67247136433919,0.7951412995656332,0.24599307609928978,15874812.444444444,1000000
,26.77038065592448,0.8091744118266635,0.21410229057073593,56920032.55555555,4000000

