Submethod,PSNR,SSIM,LPIPS,Size [Bytes],#Gaussians
,33.50586247444153,0.9701051115989685,0.030247553484514356,7316613.5,360000
,33.5969717502594,0.9701937362551689,0.029584018629975617,9346813.75,490000
-1.00M,33.724597454071045,0.9700975641608238,0.029100348940119147,17143747.375,1000000
,33.32782459259033,0.968658909201622,0.029677038837689906,61105994.625,4000000
