Submethod,PSNR,SSIM,LPIPS,Size [Bytes],#Gaussians
,23.484140396118164,0.8359003365039825,0.20022188872098923,6814856.5,360000
,23.68420124053955,0.8424293696880341,0.18749213218688965,8710374.5,490000
-1.00M,23.996936798095703,0.855468362569809,0.16304801404476166,16065561.5,1000000
,24.45703887939453,0.8690102994441986,0.13164417818188667,58291533.5,4000000
