Submethod,PSNR,SSIM,LPIPS,Size [Bytes],#Gaussians
,29.201324462890625,0.9001765251159668,0.2728179395198822,6696497,360000
,29.313091278076172,0.9025779962539673,0.263129860162735,8469791,490000
-1.00M,29.479978561401367,0.9068419933319092,0.2507980763912201,15664460,1000000
,29.039730072021484,0.9078600406646729,0.24312639236450195,56163073,4000000
