Submethod,PSNR,SSIM,LPIPS,Size [Bytes],#Gaussians
,30.262693405151367,0.9101507067680359,0.2688414454460144,6867113,360000
,30.337688446044922,0.9118587970733643,0.26298797130584717,8706740,490000
-1.00M,29.99859619140625,0.9106613397598267,0.252819299697876,15990548,1000000
,29.75582504272461,0.9131292104721069,0.23756566643714905,57211413,4000000
