{
  "method": "camera_position_bounds",
  "bounds": {
    "x_min": -1.0023639493984802,
    "x_max": 1.2195759650177052,
    "y_min": -1.503523988373033,
    "y_max": 1.5108872590183469,
    "z_min": -1.4967059223877368,
    "z_max": 1.4912703392582607
  },
  "bounds_tuple": [
    -1.0023639493984802,
    1.2195759650177052,
    -1.503523988373033,
    1.5108872590183469,
    -1.4967059223877368,
    1.4912703392582607
  ],
  "center": [
    0.10860600780961249,
    0.003681635322656973,
    -0.002717791564738059
  ],
  "size": [
    2.2219399144161853,
    3.0144112473913798,
    2.9879762616459975
  ],
  "volume": 20.012988923390584,
  "num_cameras": 160,
  "data_dir": "data/Actor01/Sequence1/0/resolution_4"
}