{
  "method": "scene_center_bounds",
  "bounds": {
    "x_min": -2.16665923787437,
    "x_max": 2.2278942544696205,
    "y_min": -2.2823601080132736,
    "y_max": 2.112193384330717,
    "z_min": -2.1750464061009067,
    "z_max": 2.219507086243084
  },
  "bounds_tuple": [
    -2.16665923787437,
    2.2278942544696205,
    -2.2823601080132736,
    2.112193384330717,
    -2.1750464061009067,
    2.219507086243084
  ],
  "center": [
    0.030617508297625218,
    -0.0850833618412783,
    0.022230340071088595
  ],
  "size": [
    4.394553492343991,
    4.394553492343991,
    4.394553492343991
  ],
  "volume": 84.86805824445389,
  "num_cameras": 160,
  "data_dir": "data/Actor01/Sequence1/0/resolution_4"
}