{
  "method": "viewing_frustum_bounds",
  "bounds": {
    "x_min": -4.5901802275487515,
    "x_max": 4.196416000231448,
    "y_min": -4.700413188859206,
    "y_max": 4.674750645020602,
    "z_min": -4.694405436180242,
    "z_max": 4.702229438358799
  },
  "bounds_tuple": [
    -4.5901802275487515,
    4.196416000231448,
    -4.700413188859206,
    4.674750645020602,
    -4.694405436180242,
    4.702229438358799
  ],
  "center": [
    -0.19688211365865183,
    -0.012831271919302,
    0.003912001089278583
  ],
  "size": [
    8.7865962277802,
    9.375163833879807,
    9.396634874539041
  ],
  "volume": 774.055119437466,
  "num_cameras": 160,
  "data_dir": "data/Actor01/Sequence1/0/resolution_4"
}