Submethod,PSNR,SSIM,LPIPS,Size [Bytes],#Gaussians
,21.811771392822266,0.8045595288276672,0.23488155007362366,6802125,360000
,21.922565460205078,0.8111316561698914,0.2212243378162384,8693415,490000
-1.00M,22.31643295288086,0.8283930420875549,0.19330424070358276,16086616,1000000
,22.71592903137207,0.8432173728942871,0.16197781264781952,57268346,4000000
