Submethod,PSNR,SSIM,LPIPS,Size [Bytes],#Gaussians
,25.094594955444336,0.871437668800354,0.1670973002910614,6831513,360000
,25.42046356201172,0.876853883266449,0.1554252803325653,8691262,490000
-1.00M,25.811182022094727,0.8866869211196899,0.1334751546382904,16115589,1000000
,26.319414138793945,0.8979613184928894,0.10413430631160736,59028839,4000000
