{
    "transform": [
        [
            -0.7774820327758789,
            -0.6289018392562866,
            0.00197062105871737,
            -0.3305017948150635
        ],
        [
            0.6289043426513672,
            -0.7774820327758789,
            0.000940586207434535,
            -0.622484564781189
        ],
        [
            0.000940586207434535,
            0.00197062105871737,
            0.9999974966049194,
            -0.6553015112876892
        ]
    ],
    "scale": 0.18563434190004266
}