Submethod,PSNR,SSIM,LPIPS,Size [Bytes],#Gaussians
,24.314237594604492,0.7095159888267517,0.3013736307621002,7055770,360000
,24.534364700317383,0.7251359224319458,0.2785482406616211,8813338,490000
-1.00M,24.911056518554688,0.7516974210739136,0.23711256682872772,15926996,1000000
,25.325092315673828,0.7788066864013672,0.1876075118780136,58617041,4000000
