Submethod,PSNR,SSIM,LPIPS,Size [Bytes],#Gaussians
,31.02326011657715,0.9329836368560791,0.22257398068904877,6830786,360000
,31.281402587890625,0.9321386218070984,0.215091735124588,8648204,490000
-1.00M,31.807077407836914,0.9414350390434265,0.20146769285202026,15826537,1000000
,32.30672836303711,0.9459878206253052,0.1877104789018631,56735351,4000000
