Submethod,PSNR,SSIM,LPIPS,Size [Bytes],#Gaussians
,28.405691146850586,0.8973114490509033,0.2164955884218216,6878603,360000
,28.529481887817383,0.9007075428962708,0.2095101773738861,8730556,490000
-1.00M,28.866003036499023,0.9071822762489319,0.19578693807125092,15947230,1000000
,29.177431106567383,0.9131742119789124,0.17931070923805237,57486357,4000000
