Submethod,PSNR,SSIM,LPIPS,Size [Bytes],#Gaussians
,21.042749404907227,0.5605924725532532,0.40565335750579834,7161082,360000
,21.23011589050293,0.574547290802002,0.38778236508369446,9020882,490000
-1.00M,21.494901657104492,0.6000087261199951,0.3538331985473633,16371725,1000000
,21.674463272094727,0.6261774301528931,0.30014270544052124,59397940,4000000
