Submethod,PSNR,SSIM,LPIPS,Size [Bytes],#Gaussians
,25.743114471435547,0.7966399192810059,0.2254912108182907,7095776,360000
,26.028152465820312,0.8122509717941284,0.20099054276943207,9005181,490000
-1.00M,26.60516357421875,0.8374983668327332,0.15973007678985596,16546320,1000000
,27.302112579345703,0.8619086742401123,0.1209760457277298,59521047,4000000
