Submethod,PSNR,SSIM,LPIPS,Size [Bytes],#Gaussians
,29.573772430419922,0.9109970331192017,0.1568634957075119,6886401,360000
,29.951499938964844,0.9146948456764221,0.14950363337993622,8583446,490000
-1.00M,30.56005859375,0.9218958020210266,0.13678385317325592,15597179,1000000
,31.493282318115234,0.9290380477905273,0.1236552819609642,56478553,4000000
