Submethod,PSNR,SSIM,LPIPS,Size [Bytes],#Gaussians
,31.20783233642578,0.9134507179260254,0.2248891294002533,6680829,360000
,31.438037872314453,0.919510006904602,0.21646593511104584,8558287,490000
-1.00M,31.8409366607666,0.9252573847770691,0.20395036041736603,15785810,1000000
,32.10432434082031,0.927442729473114,0.19184806942939758,57016712,4000000
