Submethod,PSNR,SSIM,LPIPS,Size [Bytes],#Gaussians
,25.656526565551758,0.732469379901886,0.2942078113555908,6919767,360000
,25.865047454833984,0.7448430061340332,0.2767064571380615,8828910,490000
-1.00M,26.30782699584961,0.7667227983474731,0.24127236008644104,15854509,1000000
,26.782581329345703,0.7874260544776917,0.20132017135620117,57520011,4000000
