Submethod,PSNR,SSIM,LPIPS,Size [Bytes],#Gaussians
,22.8242130279541,0.6230133175849915,0.3928559720516205,6875408,360000
,22.85292625427246,0.6296589970588684,0.3755051791667938,8739408,490000
-1.00M,22.878782272338867,0.6389139890670776,0.3419164717197418,16072601,1000000
,22.965383529663086,0.6463788747787476,0.28769150376319885,58275545,4000000
